"reple3","Freq"
"JAVA",558
"SI",298
"A",231
"JAV",226
"JSP",221
"웹프로그래머",217
"개발",181
"소프트웨어",178
"프로그래머",148
"응용",138
"SM",131
"SQL",124
"ORACLE",98
"솔루션",92
"NET",83
"MYSQL",78
"P",71
"SPRING",68
"관리",66
"JS",65
"시스템",65
"ASP",62
"MS",61
"모바일앱개발",57
"C",55
"E",55
"ORACL",52
"L",50
"LINUX",47
"C#",45
"안드로이드",42
"전자",40
"정부",40
"MIPLATFORM",39
"SQ",36
"AJAX",34
"ERP",34
"NEXACRO",34
"X",34
"API",33
"PHP",33
"HTML",32
"설계",32
"JQUERY",30
"보안",29
"프레임워크",29
"자바스크립트",28
"HTML5",27
"웹에이전시",27
"전산",27
"XPLATFORM",26
"금융",26
"바",26
"운영",26
"기획",25
"서버",25
"유지",25
"전공",25
"아이폰",24
"CSS",23
"DW",23
"BIGDATA",22
"SERVLET",22
"CSS3",21
"PYTHON",21
"네트워크",21
"데이터베이스",21
"쇼핑몰",21
"PM",20
"WEBSQUARE",20
"경험자",20
"C++",19
"구축",19
"웹퍼블리셔",19
"M",17
"분석",17
"CRM",16
"JAVASCRIPT",16
"UI",16
"보수",16
"소프트",16
"영업",16
"웨",16
"회계",16
"UNIX",15
"엔지니어",15
"DBA",14
"PRO",14
"사무",14
"웹기획",14
"정보",14
"프로",14
"WAS",13
"보험",13
"우대",13
"웹표준",13
"학원",13
"5",12
"APPLICATION",12
"PROFRAME",12
"S",12
"드",12
"디자인",12
"모바일APP",12
"사",12
"샵",12
"전자상거래",12
"포토",12
"ANYFRAME",11
"MIPLATFOR",11
"UI·U",11
"코딩",11
"DEVON",10
"결산",10
"경영",10
"빅데이터",10
"스크립트",10
"웹사이트",10
"은행",10
"재무",10
"지원",10
"LINU",9
"개발자",9
"분",9
"손해",9
"수",9
"웹UI",9
"웹개발",9
"일러스트레이터",9
"DB",8
"EJB",8
"IT",8
"POS",8
"UI·UX디자",8
"데이터",8
"보",8
"웹서비스기획",8
"인",8
"채권",8
"펌웨어",8
"하드웨어",8
"B2C",7
"BI",7
"IBATIS",7
"OR",7
"PL",7
"UNI",7
"WA",7
"XML",7
"계",7
"설",7
"액션",7
"프론트",7
"DB2",6
"MES",6
"MYSQ",6
"PH",6
"R",6
"SCM",6
"SCRIPT",6
"SERVLE",6
"T",6
"강사",6
"강의",6
"거래처",6
"고객",6
"광고",6
"네트웍",6
"딩",6
"사업",6
"사정",6
"상담",6
"서비스",6
"앤드",6
"영어",6
"웹스퀘어",6
"코",6
"투자상담",6
"하이브리드",6
"AUIGRID",5
"DELPHI",5
"EXT_JS",5
"GIT",5
"MDD",5
"MHTML",5
"PLATFORM",5
"SENCHA",5
"UX",5
"넥사크로",5
"모바일기획",5
"보드",5
"보안기",5
"부동산",5
"소셜커머스",5
"술",5
"스토리",5
"요구",5
"웹디자인",5
"인공지능(AI)",5
"정보처리",5
"증권",5
"컨텐츠개발",5
"컨텐츠관리",5
"+",4
"AICPA",4
"B2B",4
"C#BUILDER",4
"C++BUILDER",4
"CPA",4
"END",4
"FRONT",4
"I",4
"MCI",4
"R&D",4
"REST",4
"STRUTS",4
"STUDIO",4
"UI·UX디자인",4
"VISUALC++",4
"WEB",4
"WINDOWS",4
"WINDOWSMOBILE",4
"강",4
"공정",4
"기술",4
"대행",4
"러닝",4
"마켓",4
"반도체",4
"법인",4
"보안관리",4
"세무",4
"업무",4
"엔드",4
"연구",4
"연구소",4
"예산관리",4
"오픈",4
"운용",4
"원",4
"원가",4
"웹",4
"웹서비스",4
"웹접근성",4
"이벤트",4
"자산관리",4
"전기·전자회로",4
"제품",4
"종합금융",4
"추심",4
"컨설팅",4
"컨텐츠기획",4
"통계·로그분석",4
"판매",4
"표준",4
"프레임",4
"하둡(HADOOP)",4
"#",3
"AP",3
"APACHE",3
"APP",3
"HDML",3
"HTM",3
"ISP",3
"JENKINS",3
"JEUS",3
"JIRA",3
"MYBATIS",3
"N",3
"NOSQL",3
"PLC",3
"RDBMS",3
"SAP",3
"SW",3
"TOMCAT",3
"VISUALC+",3
"XM",3
"가능자",3
"경험",3
"고급",3
"기사",3
"데이터마이닝",3
"딥러닝",3
"리눅스",3
"머신러닝(ML)",3
"모델링",3
"모바일UI",3
"물류",3
"방화벽",3
"보안ASP",3
"빅데이",3
"스마트폰",3
"스프링",3
"앱개발",3
"엔지",3
"운",3
"웍",3
"웜",3
"웹개발자",3
"웹프로그래밍",3
"자바개발자",3
"자바프로그래밍",3
"전문",3
"전산실",3
"제휴",3
"조사",3
"직업",3
"타당성분석",3
"터",3
"팅",3
"포털",3
"프로그램",3
"플랫폼",3
"행정",3
"ANDROID",2
"ARCHITECTURE",2
"AWS",2
"BIZACTOR",2
"CCNA",2
"CISCO",2
"CLASS",2
"CORE",2
"DATAWAREHOUSE",2
"DSP",2
"EC",2
"EXCHANGE",2
"FRAME",2
"GROUPWARE",2
"GW",2
"HMI",2
"HYBRID",2
"IBM",2
"IBSHEET",2
"IDC",2
"INTERFACE",2
"IP",2
"JSON",2
"MAPPER",2
"MARIADB",2
"MARINADB",2
"MAVEN",2
"MICROSOFT",2
"ML",2
"MVC",2
"NCD",2
"O2O",2
"OA",2
"OCP",2
"ODBC",2
"OFFICE",2
"OPEN",2
"PB",2
"PKI",2
"PROJECT",2
"PROWORKS",2
"PYTHO",2
"QT",2
"QUERY",2
"RESTFUL",2
"RPA",2
"RSA",2
"SCJP",2
"SNS",2
"SPARK",2
"SPLUNK",2
"SWING",2
"TCP",2
"VISUAL",2
"VISUALBASIC",2
"VISUALC",2
"VPN",2
"VUE",2
"WATSON",2
"WEBLOGIC",2
"WEBTOB",2
"WIFI",2
"WINDOW",2
"개인",2
"거래선",2
"경영혁신",2
"계리",2
"계약",2
"공인회계사",2
"공정관리",2
"공학",2
"광고대행",2
"광고디자인",2
"교육",2
"교재",2
"구매",2
"금융자산",2
"기반",2
"노무사",2
"담",2
"대기업",2
"대출심사",2
"데스크",2
"라",2
"마케팅",2
"매출",2
"머신러닝(ML",2
"모바일쿠폰",2
"무역",2
"무역업",2
"바이어",2
"반응",2
"번역",2
"법무",2
"변호",2
"보상",2
"보안관",2
"보조",2
"보증",2
"보험계",2
"블록",2
"빅데이터분석",2
"사물인터넷(IOT)",2
"상사",2
"상품",2
"생명",2
"생산",2
"생산관리",2
"생산기술",2
"세무사",2
"수출입",2
"스팸",2
"심사",2
"아키텍처",2
"애널리스트",2
"앱",2
"어플리케이션",2
"언더",2
"엑스",2
"여신상",2
"영업관리",2
"오라",2
"온라인",2
"외주",2
"웹프로그래",2
"웹프로덕션",2
"의",2
"인터넷",2
"인터페이스",2
"일반",2
"임베디",2
"임베디드",2
"자동차",2
"자바프로그램",2
"저축",2
"전기",2
"전기·전자",2
"전기설비",2
"전략",2
"전산입력",2
"전자정부F/W",2
"제",2
"제안·컨설팅",2
"제약",2
"제작",2
"조직",2
"증강",2
"창업투자",2
"체인",2
"출납",2
"캐피탈",2
"컨텐츠",2
"클",2
"탑",2
"통신",2
"투자",2
"판",2
"펀드매니저",2
"편집",2
"품질",2
"프로그래밍",2
"프로모션",2
"학교",2
"해킹",2
"현실",2
"형",2
"홈페이지",2
"홍보",2
"화재보험",2
"화학",2
"회로",2
"2D온라인게임",1
"2년차",1
"ABAP",1
"ANYLINK",1
"APPLICATIO",1
"BATCH",1
"BOOTSTRAP",1
"BSC",1
"C+",1
"CATIA",1
"CS",1
"D",1
"DB쿼리",1
"DELPH",1
"DEV",1
"DJANGO",1
"ECLIPSE",1
"EMRO",1
"F",1
"FLEX",1
"FRAMEWORK",1
"GCP",1
"IOS",1
"IR",1
"JAVAFX",1
"JSTL",1
"KMS",1
"MARIA",1
"MI",1
"MIDDLE",1
"NATIVE",1
"NFC",1
"NGINX",1
"OLAP",1
"ON",1
"PLM",1
"PMO",1
"POWERBUILDE",1
"POWERBUILDER",1
"R&",1
"REACT",1
"SCJ",1
"SPRINGBOOT",1
"SWT",1
"TIBERO",1
"TILES",1
"TMAX",1
"UI·UX",1
"VB",1
"VISUALBASI",1
"XFRAME",1
"가상",1
"강남",1
"개",1
"게시판",1
"게임",1
"결혼",1
"경",1
"공공기관",1
"공자",1
"공통업무",1
"교수",1
"교육시스템",1
"구로",1
"금융권",1
"금형",1
"기구",1
"기업",1
"내부",1
"년",1
"능",1
"대신",1
"드림",1
"릉",1
"리",1
"마",1
"마이",1
"머신",1
"메카트로닉스",1
"모바일게임",1
"모바일서버",1
"모바일웹",1
"무선통신",1
"바보",1
"발",1
"배치",1
"백오",1
"브랜딩",1
"빅데이터설계",1
"사이드",1
"사회",1
"생보",1
"서울",1
"셔",1
"수정",1
"시스템개발",1
"신라호텔",1
"신탁",1
"실",1
"아웃소싱",1
"안",1
"암동",1
"앱개발자",1
"앱프로그램",1
"어셈블리",1
"여",1
"연계",1
"웹PD",1
"웹보안",1
"웹퍼블리",1
"웹프로그램",1
"위버",1
"유아교육",1
"이상",1
"인터넷교육",1
"자동제어",1
"정보회사",1
"제조",1
"제조업",1
"주문(수주/발주)",1
"중급",1
"진",1
"채널",1
"챗봇(CHATBOT)",1
"초급",1
"최적화",1
"카드사",1
"커뮤니티",1
"컨텐츠관",1
"컨텐츠에디터",1
"컴퓨터학원",1
"테스터",1
"텐서플로우",1
"특급",1
"파이썬",1
"퍼블리싱",1
"폰",1
"프로시져",1
"플래시APP",1
"피스",1
"하나",1
"현",1
"협회",1
"형상",1
"호텔",1
"홈쇼핑",1
"환",1
"환경",1
